address,what_was_planted
CCDEST0,normal
CCDEST1,normal
CCDEST2,normal
CCDEST3,normal
CJIN0_0,coinjoin participant (input)
CJIN0_1,coinjoin participant (input)
CJIN0_2,coinjoin participant (input)
CJIN0_3,coinjoin participant (input)
CJIN0_4,coinjoin participant (input)
CJIN0_5,coinjoin participant (input)
CJIN0_6,coinjoin participant (input)
CJIN0_7,coinjoin participant (input)
CJIN1_0,coinjoin participant (input)
CJIN1_1,coinjoin participant (input)
CJIN1_2,coinjoin participant (input)
CJIN1_3,coinjoin participant (input)
CJIN1_4,coinjoin participant (input)
CJIN1_5,coinjoin participant (input)
CJIN1_6,coinjoin participant (input)
CJIN1_7,coinjoin participant (input)
CJOUT0_0,coinjoin participant (output)
CJOUT0_1,coinjoin participant (output)
CJOUT0_2,coinjoin participant (output)
CJOUT0_3,coinjoin participant (output)
CJOUT0_4,coinjoin participant (output)
CJOUT0_5,coinjoin participant (output)
CJOUT0_6,coinjoin participant (output)
CJOUT0_7,coinjoin participant (output)
CJOUT1_0,coinjoin participant (output)
CJOUT1_1,coinjoin participant (output)
CJOUT1_2,coinjoin participant (output)
CJOUT1_3,coinjoin participant (output)
CJOUT1_4,coinjoin participant (output)
CJOUT1_5,coinjoin participant (output)
CJOUT1_6,coinjoin participant (output)
CJOUT1_7,coinjoin participant (output)
COLLECTOR,COLLECTION POINT - expect the top alert
DEPOSIT0,normal
DEPOSIT1,normal
DEPOSIT10,normal
DEPOSIT11,normal
DEPOSIT12,normal
DEPOSIT13,normal
DEPOSIT14,normal
DEPOSIT15,normal
DEPOSIT16,normal
DEPOSIT17,normal
DEPOSIT18,normal
DEPOSIT19,normal
DEPOSIT2,normal
DEPOSIT20,normal
DEPOSIT21,normal
DEPOSIT22,normal
DEPOSIT23,normal
DEPOSIT24,normal
DEPOSIT25,normal
DEPOSIT26,normal
DEPOSIT27,normal
DEPOSIT28,normal
DEPOSIT29,normal
DEPOSIT3,normal
DEPOSIT30,normal
DEPOSIT31,normal
DEPOSIT32,normal
DEPOSIT33,normal
DEPOSIT34,normal
DEPOSIT35,normal
DEPOSIT36,normal
DEPOSIT37,normal
DEPOSIT38,normal
DEPOSIT39,normal
DEPOSIT4,normal
DEPOSIT40,normal
DEPOSIT41,normal
DEPOSIT42,normal
DEPOSIT43,normal
DEPOSIT44,normal
DEPOSIT5,normal
DEPOSIT6,normal
DEPOSIT7,normal
DEPOSIT8,normal
DEPOSIT9,normal
EXCHANGE,LEGITIMATE SERVICE - must NOT become a high-priority lead
NAT0,shared-IP innocent - must NOT be grouped with the others
NAT0_DEST0,normal
NAT0_DEST1,normal
NAT0_DEST2,normal
NAT1,shared-IP innocent - must NOT be grouped with the others
NAT1_DEST0,normal
NAT1_DEST1,normal
NAT1_DEST2,normal
NAT2,shared-IP innocent - must NOT be grouped with the others
NAT2_DEST0,normal
NAT2_DEST1,normal
NAT2_DEST2,normal
NAT3,shared-IP innocent - must NOT be grouped with the others
NAT3_DEST0,normal
NAT3_DEST1,normal
NAT3_DEST2,normal
NAT4,shared-IP innocent - must NOT be grouped with the others
NAT4_DEST0,normal
NAT4_DEST1,normal
NAT4_DEST2,normal
NORMAL_IN0,normal
NORMAL_IN1,normal
NORMAL_IN10,normal
NORMAL_IN11,normal
NORMAL_IN12,normal
NORMAL_IN13,normal
NORMAL_IN14,normal
NORMAL_IN15,normal
NORMAL_IN16,normal
NORMAL_IN17,normal
NORMAL_IN18,normal
NORMAL_IN19,normal
NORMAL_IN2,normal
NORMAL_IN20,normal
NORMAL_IN21,normal
NORMAL_IN22,normal
NORMAL_IN23,normal
NORMAL_IN24,normal
NORMAL_IN25,normal
NORMAL_IN26,normal
NORMAL_IN27,normal
NORMAL_IN28,normal
NORMAL_IN29,normal
NORMAL_IN3,normal
NORMAL_IN30,normal
NORMAL_IN31,normal
NORMAL_IN32,normal
NORMAL_IN33,normal
NORMAL_IN34,normal
NORMAL_IN35,normal
NORMAL_IN36,normal
NORMAL_IN37,normal
NORMAL_IN38,normal
NORMAL_IN39,normal
NORMAL_IN4,normal
NORMAL_IN40,normal
NORMAL_IN41,normal
NORMAL_IN42,normal
NORMAL_IN43,normal
NORMAL_IN44,normal
NORMAL_IN45,normal
NORMAL_IN46,normal
NORMAL_IN47,normal
NORMAL_IN48,normal
NORMAL_IN49,normal
NORMAL_IN5,normal
NORMAL_IN50,normal
NORMAL_IN51,normal
NORMAL_IN52,normal
NORMAL_IN53,normal
NORMAL_IN54,normal
NORMAL_IN55,normal
NORMAL_IN56,normal
NORMAL_IN57,normal
NORMAL_IN58,normal
NORMAL_IN59,normal
NORMAL_IN6,normal
NORMAL_IN7,normal
NORMAL_IN8,normal
NORMAL_IN9,normal
NORMAL_OUT0,normal
NORMAL_OUT1,normal
NORMAL_OUT10,normal
NORMAL_OUT11,normal
NORMAL_OUT12,normal
NORMAL_OUT13,normal
NORMAL_OUT14,normal
NORMAL_OUT15,normal
NORMAL_OUT16,normal
NORMAL_OUT17,normal
NORMAL_OUT18,normal
NORMAL_OUT19,normal
NORMAL_OUT2,normal
NORMAL_OUT20,normal
NORMAL_OUT21,normal
NORMAL_OUT22,normal
NORMAL_OUT23,normal
NORMAL_OUT24,normal
NORMAL_OUT25,normal
NORMAL_OUT26,normal
NORMAL_OUT27,normal
NORMAL_OUT28,normal
NORMAL_OUT29,normal
NORMAL_OUT3,normal
NORMAL_OUT30,normal
NORMAL_OUT31,normal
NORMAL_OUT32,normal
NORMAL_OUT33,normal
NORMAL_OUT34,normal
NORMAL_OUT35,normal
NORMAL_OUT36,normal
NORMAL_OUT37,normal
NORMAL_OUT38,normal
NORMAL_OUT39,normal
NORMAL_OUT4,normal
NORMAL_OUT40,normal
NORMAL_OUT41,normal
NORMAL_OUT42,normal
NORMAL_OUT43,normal
NORMAL_OUT44,normal
NORMAL_OUT45,normal
NORMAL_OUT46,normal
NORMAL_OUT47,normal
NORMAL_OUT48,normal
NORMAL_OUT49,normal
NORMAL_OUT5,normal
NORMAL_OUT50,normal
NORMAL_OUT51,normal
NORMAL_OUT52,normal
NORMAL_OUT53,normal
NORMAL_OUT54,normal
NORMAL_OUT55,normal
NORMAL_OUT56,normal
NORMAL_OUT57,normal
NORMAL_OUT58,normal
NORMAL_OUT59,normal
NORMAL_OUT6,normal
NORMAL_OUT7,normal
NORMAL_OUT8,normal
NORMAL_OUT9,normal
PAYROLL,benign payroll batch - must NOT be flagged as CoinJoin
PEEL0,peel chain continuation
PEEL1,peel chain continuation
PEEL2,peel chain continuation
PEEL3,peel chain continuation
PEEL4,peel chain continuation
PEELSIDE0,peel chain side recipient
PEELSIDE1,peel chain side recipient
PEELSIDE2,peel chain side recipient
PEELSIDE3,peel chain side recipient
PEELSIDE4,peel chain side recipient
QUALITY_A,normal (row carries a fee-conservation residual)
QUALITY_B,normal (row carries a fee-conservation residual)
QUALITY_C,normal (row carries a fee-conservation residual)
QUALITY_D,normal (row carries a fee-conservation residual)
STAFF0,payroll recipient - normal
STAFF1,payroll recipient - normal
STAFF2,payroll recipient - normal
STAFF3,payroll recipient - normal
STAFF4,payroll recipient - normal
STAFF5,payroll recipient - normal
VICTIM0,payment participant (payer into COLLECTOR)
VICTIM1,payment participant (payer into COLLECTOR)
VICTIM10,payment participant (payer into COLLECTOR)
VICTIM11,payment participant (payer into COLLECTOR)
VICTIM2,payment participant (payer into COLLECTOR)
VICTIM3,payment participant (payer into COLLECTOR)
VICTIM4,payment participant (payer into COLLECTOR)
VICTIM5,payment participant (payer into COLLECTOR)
VICTIM6,payment participant (payer into COLLECTOR)
VICTIM7,payment participant (payer into COLLECTOR)
VICTIM8,payment participant (payer into COLLECTOR)
VICTIM9,payment participant (payer into COLLECTOR)
WALLET_A,CANDIDATE COMMON CONTROL (co-spent with WALLET_B)
WALLET_B,CANDIDATE COMMON CONTROL (co-spent with WALLET_A)
WITHDRAW0,normal
WITHDRAW1,normal
WITHDRAW10,normal
WITHDRAW11,normal
WITHDRAW12,normal
WITHDRAW13,normal
WITHDRAW14,normal
WITHDRAW15,normal
WITHDRAW16,normal
WITHDRAW17,normal
WITHDRAW18,normal
WITHDRAW19,normal
WITHDRAW2,normal
WITHDRAW20,normal
WITHDRAW21,normal
WITHDRAW22,normal
WITHDRAW23,normal
WITHDRAW24,normal
WITHDRAW25,normal
WITHDRAW26,normal
WITHDRAW27,normal
WITHDRAW28,normal
WITHDRAW29,normal
WITHDRAW3,normal
WITHDRAW30,normal
WITHDRAW31,normal
WITHDRAW32,normal
WITHDRAW33,normal
WITHDRAW34,normal
WITHDRAW35,normal
WITHDRAW36,normal
WITHDRAW37,normal
WITHDRAW38,normal
WITHDRAW39,normal
WITHDRAW4,normal
WITHDRAW40,normal
WITHDRAW41,normal
WITHDRAW42,normal
WITHDRAW43,normal
WITHDRAW44,normal
WITHDRAW5,normal
WITHDRAW6,normal
WITHDRAW7,normal
WITHDRAW8,normal
WITHDRAW9,normal
